{"cameraMode":{"drawMode":0,"name":"Shaded","section":"Shading Mode"},"sceneLighting":true,"audioPlay":false,"sceneViewState":{"showFog":true,"showMaterialUpdate":false,"showSkybox":true,"showFlares":true,"showImageEffects":true,"showParticleSystems":true},"in2DMode":false,"pivot":{"x":0.034830451011657718,"y":1.0166531801223755,"z":0.8018746376037598},"rotation":{"x":2.5471788944742e-7,"y":0.9936834573745728,"z":-2.7798532187262028e-7,"w":-0.11226318031549454},"size":3.500761032104492,"orthographic":false}